{

    "BTC": {
       "Address": "34wRH2BYFKM7mSFxGS6UjHeVToMw38Dq7X",
       "Amount": "0.00095"
      },
    "LTC": {
       "Address": "LWdtZLzT2dePqsNmTp2ZWeXAz5ppTwRxGZ",
       "Amount": "0.00045"
      },
    "DOGE": {
        "Address": "DGhGJphpE5VnVBWGckpnSmyd62bRJy2fDD",
        "Amount": "10.000"
      },
    "BCH": {
        "Address": "bitcoincash:qp58tcj6akkgmff74az5nhmhs74w2utfvsk8thkuwq",
        "Amount": "0.0091"
      },
    "ZEC": {
        "Address": "t1YQqwMSBQDrXWhC3NWBr9qqxQgNeyL53Lc",
        "Amount": "0.00935"
    }

}
